US Futures, Stocks Rise as Traders Eye Peak Rates: Markets Wrap
Why ESG in America May Face a Rough Road Ahead This Year
Shadow Banking: Don't Look at China. The US Also Has a Problem
German Inflation Slows Sharply as War-Induced Energy Spike Fades
No, Transit Is Not a Public Good. Here's Why.
Casualties reported after Army helicopters crash in Kentucky
King Charles Condemns Russia in Speech to German Lawmakers
Ukraine Latest: WSJ Reporter Held in Russia on Spying Charges
Labor Unions: It’s Schultz Not Starbucks That Seems to Be Lost
Wall Street Bonuses Plunge to $176,700 Amid Dealmaking Slump
Mubadala Eyes Bridgepoint’s $2.5 Billion Dialysis Firm Diaverum
Russia Detains Wall Street Journal Reporter on Spy Charges
Fed’s Daly Stays Mum While Criticism Mounts Over SVB Oversight
China Seeks to Reassure CEOs as Worries Swirl Over Potential War
Alphabet Is Standing Out as a Rare Megacap Bargain: Tech Watch
Ken Fisher’s Texas Move Is About Politics, Not Taxes
China Politburo Reviews Rules on Officials’ Personal Disclosures
European Shares Trim Monthly Loss as Banks Recover on Schnabel
Blackstone’s Schwarzman Says US Banking Crisis Is ‘Solvable’
Spain Inflation Halves But Core Pressures Highlight ECB Bind
Can You Use ChatGPT to Plan Travel? It’s Hilarious and Can Actually Work
US Investor Bets £300 Million on Red-Hot UK Rental Market
Podcast: The Aftermath of Another Banking Mess—This Time in Europe
Sweden’s Zound Buys Marshall, Amp Maker to Hendrix and Clapton
Axiata Set for Strategic Review to Revamp $18 Billion Portfolio
Luxury Boom Makes Richemont, Burberry Key European M&A Targets
FTSE News: SSE Earnings, Moonpig Sales, S4 Capital Revenue
Break Up India’s Biggest Companies, Ex-Central Banker Says
King Charles III's Coronation Guide: Where to Drink Like a Royal, What to Do
Chinese Tycoon’s $271 Million Mansion Seized in Hong Kong
Breaking Up, for Alibaba and a Playlist. Plus, CRE Risk and Small Banks
Why Kenya Has Been Rocked by Opposition Protests: QuickTake
Hong Kong Fund Aims to Bet $100 Million on City’s Crypto Push
France Pension Reform Protests Threaten Macron’s Agenda
UBS-Credit Suisse Merger Worsens Swiss Banking Reputation
Credit Suisse Implosion: Swiss Bankers Forgot They're Meant to Be Boring
Complaint That Sean Penn Threatened Workers Tossed by NLRB Judge
Sony PSVR2 Headset Off to Slow Start as Metaverse Push Sputters
IMF Chief Urges Faster Debt Restructurings During Visit to China
Bolsonaro Returns to Brazil to Lead Opposition Against Lula
California reparations amount, if any, left to politicians
Adani Pulls Back on Grand Ambitions After Hindenburg Bombshell
Netflix Tests Idea of Expanding Gaming Service to Televisions
Kim’s Rare Display of Nuclear Warheads Sends Chilling Message
Fraud Against UK Taxpayers Rose Fourfold In Covid, Watchdog Says
Din Tai Fung's Pork Dumplings Are Taiwan's Biggest Soft Power
Gender Pay Gap: Reporting Discrepancies Is Not Enough
Ukraine Latest: Yellen Backs US Aid as Republicans Express Doubt
Wild Stock Reversals Leave Dip-Buyers on Brink of Historic Year
SVB, Signature Bank Crisis: America Has Too Many Banks
US Air Force Plans to End Lockheed Hypersonic Weapon Program
Trump Fights Order for Testimony of Former White House Officials
Stocks Rise as Risk-On Rally Lifts Banks, Tech: Markets Wrap
UBS Says Discretionary Retailers Aren’t Priced for a Recession
Ericsson CEO, Directors Lose Liability Vote Over Iraq Scandal
Narcan OTC Got Approved By FDA. What We Know About Cost and Access
Top Bank Lawyer Cohen Says Current Crisis Like S&Ls, Not 2008
SVB’s Depositors Weren’t Very Loyal
Organon Seen Rallying in Post-Roe US on Demand for Birth Control
Turkey Set to Approve Finland’s NATO Membership on Thursday
